folio,tramite,fecha_ingreso,estado,unidad_responsable,observacion
SOL-2026-0001,Certificado de número domiciliario,2026-08-20,En revisión,Dirección de Obras Municipales,La unidad está revisando los antecedentes.
SOL-2026-0002,Renovación permiso de circulación,2026-09-07,Ingresada,Dirección de Tránsito y Transporte Público,En espera de asignación a la unidad responsable.
SOL-2026-0003,Primera licencia de conducir clase B,2026-09-13,Observada,Dirección de Tránsito y Transporte Público,Faltan antecedentes; el solicitante debe completar la documentación en la unidad.
SOL-2026-0004,Renovación permiso de circulación,2026-07-28,Rechazada,Dirección de Tránsito y Transporte Público,No cumple requisitos; se notificó al solicitante.
SOL-2026-0005,Renovación permiso de circulación,2026-08-25,Ingresada,Dirección de Tránsito y Transporte Público,En espera de asignación a la unidad responsable.
SOL-2026-0006,Reclamo por atención,2026-07-31,Ingresada,"Oficina de Informaciones, Reclamos y Sugerencias (OIRS)",En espera de asignación a la unidad responsable.
SOL-2026-0007,Primera licencia de conducir clase B,2026-08-24,Rechazada,Dirección de Tránsito y Transporte Público,No cumple requisitos; se notificó al solicitante.
SOL-2026-0008,Renovación permiso de circulación,2026-07-16,Rechazada,Dirección de Tránsito y Transporte Público,No cumple requisitos; se notificó al solicitante.
SOL-2026-0009,Patente comercial provisoria,2026-09-19,Cerrada,DIAFI - Oficina de Rentas y Patentes,Trámite finalizado.
SOL-2026-0010,Renovación permiso de circulación,2026-09-13,Rechazada,Dirección de Tránsito y Transporte Público,No cumple requisitos; se notificó al solicitante.
SOL-2026-0011,Reclamo por atención,2026-07-29,Ingresada,"Oficina de Informaciones, Reclamos y Sugerencias (OIRS)",En espera de asignación a la unidad responsable.
SOL-2026-0012,Renovación permiso de circulación,2026-07-18,Rechazada,Dirección de Tránsito y Transporte Público,No cumple requisitos; se notificó al solicitante.
SOL-2026-0013,Patente comercial definitiva,2026-07-19,Aprobada,DIAFI - Oficina de Rentas y Patentes,Disponible para retiro o pago en la unidad.
SOL-2026-0014,Primera licencia de conducir clase B,2026-08-09,Rechazada,Dirección de Tránsito y Transporte Público,No cumple requisitos; se notificó al solicitante.
SOL-2026-0015,Renovación licencia de conducir,2026-09-13,Ingresada,Dirección de Tránsito y Transporte Público,En espera de asignación a la unidad responsable.
SOL-2026-0016,Patente comercial provisoria,2026-07-13,Observada,DIAFI - Oficina de Rentas y Patentes,Faltan antecedentes; el solicitante debe completar la documentación en la unidad.
SOL-2026-0017,Primera licencia de conducir clase B,2026-07-08,Rechazada,Dirección de Tránsito y Transporte Público,No cumple requisitos; se notificó al solicitante.
SOL-2026-0018,Patente comercial provisoria,2026-09-07,Aprobada,DIAFI - Oficina de Rentas y Patentes,Disponible para retiro o pago en la unidad.
SOL-2026-0019,Reclamo por atención,2026-08-29,Observada,"Oficina de Informaciones, Reclamos y Sugerencias (OIRS)",Faltan antecedentes; el solicitante debe completar la documentación en la unidad.
SOL-2026-0020,Solicitud de información (transparencia),2026-08-08,Observada,Unidad de Transparencia,Faltan antecedentes; el solicitante debe completar la documentación en la unidad.
SOL-2026-0021,Patente comercial provisoria,2026-08-01,En revisión,DIAFI - Oficina de Rentas y Patentes,La unidad está revisando los antecedentes.
SOL-2026-0022,Primera licencia de conducir clase B,2026-08-08,Rechazada,Dirección de Tránsito y Transporte Público,No cumple requisitos; se notificó al solicitante.
SOL-2026-0023,Solicitud de información (transparencia),2026-08-27,Observada,Unidad de Transparencia,Faltan antecedentes; el solicitante debe completar la documentación en la unidad.
SOL-2026-0024,Patente comercial definitiva,2026-07-10,Rechazada,DIAFI - Oficina de Rentas y Patentes,No cumple requisitos; se notificó al solicitante.
SOL-2026-0025,Primera licencia de conducir clase B,2026-08-23,Rechazada,Dirección de Tránsito y Transporte Público,No cumple requisitos; se notificó al solicitante.
SOL-2026-0026,Renovación licencia de conducir,2026-07-20,Observada,Dirección de Tránsito y Transporte Público,Faltan antecedentes; el solicitante debe completar la documentación en la unidad.
SOL-2026-0027,Solicitud de información (transparencia),2026-07-06,Aprobada,Unidad de Transparencia,Disponible para retiro o pago en la unidad.
SOL-2026-0028,Primera licencia de conducir clase B,2026-09-12,Rechazada,Dirección de Tránsito y Transporte Público,No cumple requisitos; se notificó al solicitante.
SOL-2026-0029,Certificado de número domiciliario,2026-08-14,Observada,Dirección de Obras Municipales,Faltan antecedentes; el solicitante debe completar la documentación en la unidad.
SOL-2026-0030,Solicitud de información (transparencia),2026-08-28,Rechazada,Unidad de Transparencia,No cumple requisitos; se notificó al solicitante.
